{"cameraMode":{"drawMode":0,"name":"Shaded","section":"Shading Mode"},"sceneLighting":true,"audioPlay":false,"sceneViewState":{"showFog":true,"showMaterialUpdate":false,"showSkybox":true,"showFlares":true,"showImageEffects":true,"showParticleSystems":true},"in2DMode":false,"pivot":{"x":1.0139169692993165,"y":0.7955026626586914,"z":-1.3053169250488282},"rotation":{"x":-0.055482909083366397,"y":0.9375764727592468,"z":-0.1767292320728302,"w":-0.2943458557128906},"size":10.0,"orthographic":false}