{"cameraMode":{"drawMode":0,"name":"Shaded","section":"Shading Mode"},"sceneLighting":true,"audioPlay":false,"sceneViewState":{"showFog":true,"showMaterialUpdate":false,"showSkybox":true,"showFlares":true,"showImageEffects":true,"showParticleSystems":true},"in2DMode":false,"pivot":{"x":-0.02354148030281067,"y":1.287365436553955,"z":0.18179786205291749},"rotation":{"x":-0.07923808693885803,"y":-0.11166272312402725,"z":0.00894930399954319,"w":-0.9907536506652832},"size":0.6268600225448608,"orthographic":false}