{"cameraMode":{"drawMode":0,"name":"Shaded","section":"Shading Mode"},"sceneLighting":true,"audioPlay":false,"sceneViewState":{"showFog":true,"showMaterialUpdate":false,"showSkybox":true,"showFlares":true,"showImageEffects":true,"showParticleSystems":true},"in2DMode":false,"pivot":{"x":0.050795312970876697,"y":1.2750458717346192,"z":-0.44107139110565188},"rotation":{"x":0.1434703767299652,"y":-0.06635093688964844,"z":0.010453577153384686,"w":0.9876514077186585},"size":0.22855287790298463,"orthographic":false}