{"cameraMode":{"drawMode":0,"name":"Shaded","section":"Shading Mode"},"sceneLighting":true,"audioPlay":false,"sceneViewState":{"showFog":true,"showMaterialUpdate":false,"showSkybox":true,"showFlares":true,"showImageEffects":true,"showParticleSystems":true},"in2DMode":false,"pivot":{"x":-0.023766227066516877,"y":0.1351049244403839,"z":0.35921376943588259},"rotation":{"x":-0.09595659375190735,"y":0.052599720656871799,"z":-0.0070591880939900879,"w":-0.9943289160728455},"size":0.900765597820282,"orthographic":false}