{"cameraMode":{"drawMode":0,"name":"Shaded","section":"Shading Mode"},"sceneLighting":true,"audioPlay":false,"sceneViewState":{"showFog":true,"showMaterialUpdate":false,"showSkybox":true,"showFlares":true,"showImageEffects":true,"showParticleSystems":true},"in2DMode":false,"pivot":{"x":0.9560766220092773,"y":0.34974318742752077,"z":2.2924938201904299},"rotation":{"x":-0.06920627504587174,"y":0.2918647825717926,"z":0.023837625980377198,"w":0.9540655612945557},"size":1.3827881813049317,"orthographic":false}